<?xml version="1.0" encoding="UTF-8"?>
<project-private xmlns="http://www.netbeans.org/ns/project-private/1">
    <editor-bookmarks xmlns="http://www.netbeans.org/ns/editor-bookmarks/2" lastBookmarkId="0"/>
    <open-files xmlns="http://www.netbeans.org/ns/projectui-open-files/2">
        <group>
            <file>file:/C:/Users/User/Desktop/universitet/3%20godina/Computer%20parts%20-%20Project%20Final%20java/Computer%20parts%20-%20Project/src/app/LogIn.java</file>
            <file>file:/C:/Users/User/Desktop/universitet/3%20godina/Computer%20parts%20-%20Project%20Final%20java/Computer%20parts%20-%20Project/src/app/EmployesCLI.java</file>
        </group>
    </open-files>
</project-private>
